Date,Name,Year,Letterboxd URI,Rating,Tags,Watched Date
2016-03-28,Tale of Tales,2015,https://letterboxd.com/attentive/film/tale-of-tales-2015/,4,,2016-01-07
2016-01-18,The Revenant,2015,https://letterboxd.com/attentive/film/the-revenant-2015/,4,,2016-01-15
2016-01-18,A Little Chaos,2014,https://letterboxd.com/attentive/film/a-little-chaos/,2.5,,2016-01-17
2016-01-20,The Brand New Testament,2015,https://letterboxd.com/attentive/film/the-brand-new-testament/,2,,2016-01-19
2016-01-29,The Hateful Eight,2015,https://letterboxd.com/attentive/film/the-hateful-eight/,2,,2016-01-24
2016-01-30,The 'Burbs,1989,https://letterboxd.com/attentive/film/the-burbs/,3,,2016-01-28
2016-01-30,Key Largo,1948,https://letterboxd.com/attentive/film/key-largo/,4,,2016-01-29
2016-02-02,Brooklyn,2015,https://letterboxd.com/attentive/film/brooklyn/,3,,2016-02-01
2016-02-03,The Big Short,2015,https://letterboxd.com/attentive/film/the-big-short/,4,,2016-02-02
2016-03-28,Spotlight,2015,https://letterboxd.com/attentive/film/spotlight/,3,,2016-02-12
2016-03-28,Deadpool,2016,https://letterboxd.com/attentive/film/deadpool/1/,0.5,,2016-02-12
2016-02-29,"Hail, Caesar!",2016,https://letterboxd.com/attentive/film/hail-caesar-2016/,3,,2016-02-26
2016-02-29,Ex Machina,2014,https://letterboxd.com/attentive/film/ex-machina-2014/,1.5,,2016-02-28
2016-03-09,Slow West,2015,https://letterboxd.com/attentive/film/slow-west/,1.5,,2016-03-07
2016-03-19,Rams,2015,https://letterboxd.com/attentive/film/rams/,4,,2016-03-18
2016-03-21,Road House,1989,https://letterboxd.com/attentive/film/road-house/,4,,2016-03-21
2016-03-21,The Wicker Man,1973,https://letterboxd.com/attentive/film/the-wicker-man/,4,,2016-03-21
2016-03-28,Bitter Lake,2015,https://letterboxd.com/attentive/film/bitter-lake-2015/,2.5,,2016-03-24
2016-03-26,Walker,1987,https://letterboxd.com/attentive/film/walker/,3,,2016-03-25
2016-03-26,Bridesmaids,2011,https://letterboxd.com/attentive/film/bridesmaids/,2,,2016-03-25
2016-03-27,Sicario,2015,https://letterboxd.com/attentive/film/sicario-2015/,2.5,,2016-03-26
2016-03-27,The Wolfpack,2015,https://letterboxd.com/attentive/film/the-wolfpack/,4.5,,2016-03-27
2016-03-28,Secret Honor,1984,https://letterboxd.com/attentive/film/secret-honor/,2,,2016-03-27
2016-03-28,John Wick,2014,https://letterboxd.com/attentive/film/john-wick/,2,,2016-03-27
2016-03-28,Le Cercle Rouge,1970,https://letterboxd.com/attentive/film/le-cercle-rouge/,5,,2016-03-28
2016-03-29,Rififi,1955,https://letterboxd.com/attentive/film/rififi/,4,,2016-03-28
2016-04-03,Man of Steel,2013,https://letterboxd.com/attentive/film/man-of-steel/,2,,2016-04-03
2016-04-12,A Pigeon Sat on a Branch Reflecting on Existence,2014,https://letterboxd.com/attentive/film/a-pigeon-sat-on-a-branch-reflecting-on-existence/,4.5,,2016-04-08
2016-04-12,Batman v Superman: Dawn of Justice,2016,https://letterboxd.com/attentive/film/batman-v-superman-dawn-of-justice/,2.5,,2016-04-10
2016-04-13,The Man from U.N.C.L.E.,2015,https://letterboxd.com/attentive/film/the-man-from-uncle/,1.5,,2016-04-12
2016-04-16,Blackhat,2015,https://letterboxd.com/attentive/film/blackhat/,3.5,,2016-04-15
2016-04-16,Heat,1995,https://letterboxd.com/attentive/film/heat-1995/,3.5,,2016-04-16
2016-04-17,Miami Vice,2006,https://letterboxd.com/attentive/film/miami-vice/,2,,2016-04-16
2016-04-23,The Kingdom,2007,https://letterboxd.com/attentive/film/the-kingdom-2007/,1,,2016-04-22
2016-05-01,Escape from New York,1981,https://letterboxd.com/attentive/film/escape-from-new-york/,4,,2016-04-29
2016-05-14,Captain America: Civil War,2016,https://letterboxd.com/attentive/film/captain-america-civil-war/,1.5,,2016-05-06
2016-05-14,Stalker,1979,https://letterboxd.com/attentive/film/stalker/,5,,2016-05-13
2016-06-05,X-Men: Apocalypse,2016,https://letterboxd.com/attentive/film/x-men-apocalypse/,1,,2016-05-21
2016-06-05,The Nice Guys,2016,https://letterboxd.com/attentive/film/the-nice-guys/,2.5,,2016-06-04
2016-07-09,High-Rise,2015,https://letterboxd.com/attentive/film/high-rise-2015/,3.5,,2016-07-08
2016-07-10,Suburra,2015,https://letterboxd.com/attentive/film/suburra/,4,,2016-07-10
2016-07-10,Goldstone,2016,https://letterboxd.com/attentive/film/goldstone/,1.5,,2016-07-10
2016-07-17,Dead Slow Ahead,2015,https://letterboxd.com/attentive/film/dead-slow-ahead/,4.5,,2016-07-16
2016-07-18,Tony Conrad: Completely in the Present,2016,https://letterboxd.com/attentive/film/tony-conrad-completely-in-the-present/,3,,2016-07-17
2016-07-19,Ghostbusters,2016,https://letterboxd.com/attentive/film/ghostbusters-2016/,3,,2016-07-18
2016-07-24,Love & Friendship,2016,https://letterboxd.com/attentive/film/love-friendship/,3.5,,2016-07-24
2016-07-25,Mulholland Drive,2001,https://letterboxd.com/attentive/film/mulholland-drive/,4,,2016-07-24
2016-07-29,The Yard,2016,https://letterboxd.com/attentive/film/the-yard/,4,,2016-07-28
2016-08-03,The Mine,2016,https://letterboxd.com/attentive/film/the-mine-2016/,4,,2016-08-01
2016-08-06,Jason Bourne,2016,https://letterboxd.com/attentive/film/jason-bourne/,3.5,,2016-08-05
2016-08-15,Blue Velvet,1986,https://letterboxd.com/attentive/film/blue-velvet/,4,,2016-08-06
2016-08-15,Mood Indigo,2013,https://letterboxd.com/attentive/film/mood-indigo/,3.5,,2016-08-06
2016-08-15,The Prime of Miss Jean Brodie,1969,https://letterboxd.com/attentive/film/the-prime-of-miss-jean-brodie/,4,,2016-08-14
2016-08-15,Indiana Jones and the Last Crusade,1989,https://letterboxd.com/attentive/film/indiana-jones-and-the-last-crusade/,3.5,,2016-08-14
2016-08-22,Hard to Be a God,2013,https://letterboxd.com/attentive/film/hard-to-be-a-god/,4.5,,2016-08-19
2016-08-22,Suicide Squad,2016,https://letterboxd.com/attentive/film/suicide-squad-2016/,2,,2016-08-20
2016-08-29,The Wrong Box,1966,https://letterboxd.com/attentive/film/the-wrong-box/,3.5,,2016-08-28
2016-08-29,Last Year at Marienbad,1961,https://letterboxd.com/attentive/film/last-year-at-marienbad/,4.5,,2016-08-28
2016-09-03,The Infiltrator,2016,https://letterboxd.com/attentive/film/the-infiltrator-2016/,2,,2016-09-02
2016-09-10,Nerve,2016,https://letterboxd.com/attentive/film/nerve-2016/,3.5,,2016-09-09
2016-09-12,Blood Father,2016,https://letterboxd.com/attentive/film/blood-father/,3.5,,2016-09-11
2016-09-19,True Grit,2010,https://letterboxd.com/attentive/film/true-grit-2010/,4,,2016-09-18
2016-10-03,The Magnificent Seven,2016,https://letterboxd.com/attentive/film/the-magnificent-seven-2016/,2.5,,2016-09-23
2016-10-03,Bone Tomahawk,2015,https://letterboxd.com/attentive/film/bone-tomahawk/,3.5,,2016-10-01
2016-10-03,The Neon Demon,2016,https://letterboxd.com/attentive/film/the-neon-demon/,3,,2016-10-01
2016-10-03,Laura,1944,https://letterboxd.com/attentive/film/laura/,4,,2016-10-02
2016-10-03,The Abominable Dr. Phibes,1971,https://letterboxd.com/attentive/film/the-abominable-dr-phibes/,3,,2016-10-02
2016-10-11,"Wednesday, May 9",2015,https://letterboxd.com/attentive/film/wednesday-may-9/,3,,2016-10-10
2016-10-18,Captain Fantastic,2016,https://letterboxd.com/attentive/film/captain-fantastic/,0.5,,2016-10-17
2016-11-03,Tampopo,1985,https://letterboxd.com/attentive/film/tampopo/,4.5,,2016-10-30
2016-11-03,Ratatouille,2007,https://letterboxd.com/attentive/film/ratatouille/,3.5,,2016-10-30
2016-11-03,The Handmaiden,2016,https://letterboxd.com/attentive/film/the-handmaiden/,4,,2016-11-02
2016-11-16,Alexander Nevsky,1938,https://letterboxd.com/attentive/film/alexander-nevsky/,4.5,,2016-11-13
2016-11-16,Network,1976,https://letterboxd.com/attentive/film/network/,4,,2016-11-13
2016-11-16,"Good Night, and Good Luck.",2005,https://letterboxd.com/attentive/film/good-night-and-good-luck/,1.5,,2016-11-13
2016-11-16,Winter's Bone,2010,https://letterboxd.com/attentive/film/winters-bone/,5,,2016-11-14
2016-11-21,Arrival,2016,https://letterboxd.com/attentive/film/arrival-2016/,4,,2016-11-17
2016-11-21,Lo and Behold: Reveries of the Connected World,2016,https://letterboxd.com/attentive/film/lo-and-behold-reveries-of-the-connected-world/,2.5,,2016-11-20
2016-11-21,I Heart Huckabees,2004,https://letterboxd.com/attentive/film/i-heart-huckabees/,3.5,,2016-11-20
2017-01-06,Kicking and Screaming,1995,https://letterboxd.com/attentive/film/kicking-and-screaming/,4.5,,2017-01-02
2017-01-06,Holy Motors,2012,https://letterboxd.com/attentive/film/holy-motors/,4,,2017-01-03
2017-01-06,HyperNormalisation,2016,https://letterboxd.com/attentive/film/hypernormalisation/,2.5,,2017-01-04
2017-03-02,Personal Shopper,2016,https://letterboxd.com/attentive/film/personal-shopper/,4,,2017-02-24
2017-03-02,Moonlight,2016,https://letterboxd.com/attentive/film/moonlight-2016/,4.5,,2017-03-01
