Date,Name,Year,Letterboxd URI,Rating,Review,Tags,Watched Date
2016-01-29,The Hateful Eight,2015,https://letterboxd.com/attentive/film/the-hateful-eight/,2,"Pretty much repellent, boring and uncool.",,2016-01-24
2016-02-29,"Hail, Caesar!",2016,https://letterboxd.com/attentive/film/hail-caesar-2016/,3,"This was a very Coensy Coens film.

The two aspects of their approach to filmmaking that seem universal are firstly to lift setting and characters wholesale from some slice of American culture (whether real or fictional), and secondly to graft the whole thing onto a formalist gag.

In this case the slice is the post-WWII Hollywood ""blacklisting"" era, and the formalist gag is the idea that the Passion could meet its distorted reflection in the sacrifices required to ""fix"" a film. 

Perhaps the trouble now is that they do it all so consistently, and with such a regular stable of actors that I feel like they're drawing more upon their own work than on their source material sometimes. Heading into late Woody Allen territory with respect to their degree of self-cannibalisation at this point. ",,2016-02-26
2016-03-09,Slow West,2015,https://letterboxd.com/attentive/film/slow-west/,1.5,"Bad. Fassbender sleepwalking, Kodi Smit-McPhee unendearing, ""symbolism"" heavy-handed if not meaningless, Ben Mendelsohn good but wasted, realism absent, understanding of genre absent. Add in a few dodgy colonial ""tropes"" and it's a bad package. ",,2016-03-07
2016-03-21,Road House,1989,https://letterboxd.com/attentive/film/road-house/,4,"Awful, but at the same time genuinely pure in its awfulness and probably worth revisiting. ",,2016-03-21
2016-03-21,The Wicker Man,1973,https://letterboxd.com/attentive/film/the-wicker-man/,4,"Thought this was very good, but calling it the ""Citizen Kane of horror films"" is an excess. From production design to soundtrack to screenplay, many aspects could be improved, but it hangs together well and is full of enjoyable silliness. 

I saw an interview with a horror director who said the film is disturbing because it shows the danger of fundamentalist religion—to me it was disturbing because I sympathised with the pagans of Summerisle and in the end, found myself quietly almost approving of the elimination of the perverse, repressed Sergeant Howie (Edward Woodward a virgin at 43?). Or at the very least, feeling no more sympathy for him than I did for the creepy fishermen at the Summerisle pub. 

There is a similar story I read as a child, The Wild Hunt of Hagworthy by Penelope Lively. I wonder now if the late tradition of Hammer Horror in the 60s and 70s in the UK was an unmentioned inspiration for a number of decidedly Weird young adult fantasies that showed up in the decade or two that followed. 

That pagan tradition still underpins or syncretically inflects Anglo-Irish Australian culture also means the events of the film draw attention, at an arm's length, to the artificial aspects of our own familial and social relations and the weird fetishes of our ideology.",,2016-03-21
2016-03-26,Walker,1987,https://letterboxd.com/attentive/film/walker/,3,"The intent of the film becomes somewhat apparent when you realise that the protagonist is not a hero … which is as soon as he delivers a bizarre speech about the ""manifest destiny of America to rule the western hemisphere."" 

It's artistically courageous reflection on the Contras in Nicaragua via stylised, deliberately anachronistic period drama, but it's a bit hard to call it a success when the characters are wafer-thin and their manoeuvring has no emotional impact as a result.",,2016-03-25
2016-03-26,Bridesmaids,2011,https://letterboxd.com/attentive/film/bridesmaids/,2,"Expected a much better film than this. The dramatic trajectory didn't make sense, it's hard to imagine how one would connect with the whole idea without having an almost straitjacketed view of relationships and marriage, Chris O'Dowd's policeman character was creepy, and some of the humour was stomach-turning. ",,2016-03-25
2016-03-27,Sicario,2015,https://letterboxd.com/attentive/film/sicario-2015/,2.5,"""You should move to a small town, where the rule of law still exists. You are not a wolf, and this is a land of wolves now.""

I'd half-forgotten how half-bad and half-good this is. 

The gross, finally validated paternal predation of Emily Blunt by Josh Brolin and Benicio Del Toro. 

The dessicated palette of the paranoid, slow-moving aerials of border fences and suburban boundaries, the distance shots of Juárez, seething mass of evil incarnate. ""This is what happens when you cut the head off a chicken."" The mean world, the world where the cowboy cop who tries to pick you up is actually going to kill you for Sonora. 

The dully episodic subplot of a boy's mostly absent father that's there only to reinforce the cruelty. The cryptofascist, slow-burning half-justification of the evil that fights evil, DoD, CIA, FBI … the almost gleefully consequentialist assassination of two innocent children by a man whose ""daughter was tipped into a vat of acid."" 

This is what the cartels are like, no doubt, and the CIA, this brutal, this arbitrary, this violent—but surely not so dignified by this gravitas, this moral seriousness, this abyssal gaze. An offensive film and a lying one. ",,2016-03-26
2016-03-27,The Wolfpack,2015,https://letterboxd.com/attentive/film/the-wolfpack/,4.5,This is a brilliant documentary. The instinct by Moselle to seize upon a chance meeting with the Angulo family and create this documentary also deserves huge credit. It's impressive that she seems to still have the trust of the brothers after making this. ,,2016-03-27
2016-03-28,Secret Honor,1984,https://letterboxd.com/attentive/film/secret-honor/,2,"Somehow not that good? You'd expect a film adapting a one-hander from the stage to be of exceptional quality, but both the adaptation and seemingly the play on which it draws are clunky. 

It's apparent how much more intimate we are with political leaders in the era of video-enabled internet. ",,2016-03-27
2016-03-28,John Wick,2014,https://letterboxd.com/attentive/film/john-wick/,2,"There's a part in the second act in which John Wick (""don't set him off""—two monosyllables, Hebrew and Saxon, sounding like a Protestant pilgrim) goes on a bloody rampage through a nightclub called The Red Circle, and you understand that though the work of Jean-Pierre Melville may be named repeatedly, this film will never grasp the coolness of Melville's abattu aesthetic, of a down in the mouth world of precarious criminal tradespeople, in which black gloves and trenchcoats are worn to defend against room after room without central heating as much as to flatter the lighting.

The riddle is solved by the soundtrack's persistent reprisal of a shuddering Marilyn Manson anthem: this is all actually a throwback to The Crow. ",,2016-03-27
2016-03-28,Spotlight,2015,https://letterboxd.com/attentive/film/spotlight/,3,"Solid film—like a few other people, I thought it was reminiscent of Zodiac. ",,2016-02-12
2016-03-28,Tale of Tales,2015,https://letterboxd.com/attentive/film/tale-of-tales-2015/,4,"Really loved this. My immediate reference point was Calvino's perfect collection, Italian Folk Tales. ",,2016-01-07
2016-03-28,Le Cercle Rouge,1970,https://letterboxd.com/attentive/film/le-cercle-rouge/,5,"Re-watching this as an antidote to John Wick, and struck as usual by just how perfect a film it is. 

It is relentlessly low key in its production of emotion, with many characters, and particularly Delon's Coréy, navigating situations of extreme stress without visible concern. The strictly controlled tempo of every scene, abetted by the ambulatory jazz soundtrack, imbues the dramatic arc towards the proverbial red circle with precisely the fatal ineluctability foreshadowed during the opening credits. 

One remarkable, but typical scene is of snooker in the Académie de Billiard: the edit cuts from a plan view of the geometric interplay of the cue ball with two reds on the table straight to Coréy's sudden realisation, conveyed only through a flicker of eye contact, that he is in a tight spot. He dispassionately kills two assailants and departs, but returns calmly up the staircase to rip out the telephone line while the nonplussed doorman attempts to phone the police. 

Both policemen and criminals are embedded in the same system. All are competent, all are rendered virtuous by competence, and all are bound to a harsh and unrewarding rule. Coréy has not yet been released from prison when he is approached to carry out his next job by a warder. ""C'est toi?"" says the superintending detective to his former colleague turned criminal marksman in the final scene, but there is no note of surprise. ",,2016-03-28
2016-03-29,Rififi,1955,https://letterboxd.com/attentive/film/rififi/,4,"The heist central to Rififi is notable for including nothing impractical or specialised, involving tools and methods that could be supported by a couple of trips to Bunnings. It's wonderful that it was filmed meticulously enough to inspire a spate of copycat robberies that led to the film being banned in a handful of countries. More than that, the simplicity of what is being done makes concrete the vital element of time, and ratchets up the suspense. 

By contrast to Le Cercle Rouge, the four protagonists Tony, Jo, Mario and César are rendered human, undone in the end by their entanglement in ""rififi""—French military slang for a fracas. 

Rififi's metaphorical content is explained to the viewer by way of a sleazy song, the hard to name libidinal torsion at the centre of a (hetero)sexual relationship. 

The romances of the thieves, Tony with Mado, Mario with Ida, César with Viviane, Jo with Louise, are all inflected by violence and jealousy, sometimes disturbingly, and flaw and sever their fraternal bonds, becoming routes to vanity, compulsion, confession, treachery and ultimately to death for the four men, as each falls prey to ""the rules"". 

In scripting the fallout between criminals, Jules Dassin allegedly alluded to his contempt for the fellow filmmakers who named him as a communist in America, forcing him to restart his directorial career in France. ",,2016-03-28
2016-04-03,Man of Steel,2013,https://letterboxd.com/attentive/film/man-of-steel/,2,"Oddly enough, I want to say nice things about this film, although it is terrible. The worst things about it are the cast, the screenplay, the stolid visual effects and the underlying subtext, which is the exoneration of actually existing patriarchal fascism in favour of a more monstrous, homicidal alien fascism that does not exist. 

Amid all that there's an almost bearable story about masculinity, perhaps because it is untrue. There's some wonderfully poetic animated frames, enhanced every time the story-boarders make the wise decision to reduce, rather than clutter the synthetic landscape. And it should be acknowledged that the po-faced seriousness of it all comes as blessed relief from the nonstop cringe-inducing fraternal workplace humour of the Marvel cinematic universe.",,2016-04-03
2016-04-12,A Pigeon Sat on a Branch Reflecting on Existence,2014,https://letterboxd.com/attentive/film/a-pigeon-sat-on-a-branch-reflecting-on-existence/,4.5,"I'm not sure to which earlier films this excellent Roy Andersson film compares. Maybe something by Fellini, but not quite. Beckett is a touchstone. 

The film is a frieze of skits with some recurring characters, some one-offs. It's easy to imagine many of them rendered as absurd cartoon strips. A number of techniques are used to alienate us from the action: characters wear a thin mask of theatrical makeup, the whole film has had colour seeped out of it in post-production, every prop and costume is dated by decades, and the events that take place involve a deliberately messy chronology. The overwhelming emotion is loneliness and desperate disconnection. 

A particular phrase repeated in many marginally different situations leads to a process of semantic refinement after the winnowing of the excess of each situation. By the end of the film, I recognised the Swedish for ""I'm happy to hear you're doing fine"" without knowing the words.",,2016-04-08
2016-04-12,Batman v Superman: Dawn of Justice,2016,https://letterboxd.com/attentive/film/batman-v-superman-dawn-of-justice/,2.5,"This is really a terrible film, but I'm giving it a half-rating.

Zack Snyder cranks the mythopoeic aspects of the source material, the intense heteronormativity, and the washed-out fascist aesthetics up to an almost enjoyable fever pitch. There are dream sequences spanning about twenty minutes that are no less illogical, replete with screw-loose symbolism and disconnected than the waking action vignettes either side of them. 

I've seen comics fans complaining that Henry Cavill's Superman doesn't ""feel"" like Superman—presumably because he really isn't so likeable or charismatic, and because he doesn't even try to have the weight of the world on his shoulders. But it seems a bit remiss to mind it in a film that's, you know, explicitly concerned with the material limits of his ideal. 

Although it's got a tangibly awful, and awfully edited screenplay multiply wounded by the imperatives of the ""cinematic universe"" (retire, David Goyer), this pompous nonsense is still for me preferable to the dull workplace banter of the Avengers films. 
",,2016-04-10
2016-04-16,Blackhat,2015,https://letterboxd.com/attentive/film/blackhat/,3.5,"Watched this because it's Michael Mann. It's a weird mix of careful research and blatant fantasy, most apparent in the absurdly omnitalented central character Hathaway (Chris Hemsworth) and in the occasional appearance of a Linux terminal. 

For a film about hacking, there's pleasingly light exposition and only about half a dozen ""that isn't how computers and networks work"" moments. It is a very interesting looking and sounding film, frequently beautiful, with deliberately unframed frames, strategically choppy and bloody action, and diegetic gunshots and lighting all over the place. 

Wang Leehom, Tang Wei and Viola Davis deliver engaging performances. Somehow, perhaps with a gesture to the high sincerity of Hong Kong's crime dramas, the trio of Wang, Tang and Hemsworth develop convincing bonds of love, and though the lumbering, strange narrative and vague antagonist seem to doom the film, it gathers an unexpected intensity as its technological premises crumble away, and the grid of human connection, lit blue and yellow in the chaos of traffic, is all that remains.",,2016-04-15
2016-04-17,Miami Vice,2006,https://letterboxd.com/attentive/film/miami-vice/,2,"Continuing the Mann-athon. Not the best choice to watch this film immediately after Blackhat, since it's similar in so many ways but has Colin Farrell's perpetually worried eyebrows and bad acting to drag it down. Would not recommend.",,2016-04-16
2016-05-14,Stalker,1979,https://letterboxd.com/attentive/film/stalker/,5,"I re-watched Stalker (Сталкер) tonight and loved it. Some films combine a brilliant artistic vision with something more intangible—a mysterious and historical good fortune.

The premise, adapted from Boris and Arkady Strugatsky's must read novel Roadside Picnic, is that inscrutable and ineffably superior aliens have passed by Earth, but very suddenly and carelessly. After a brief stay they have left behind a ""Zone"" (Зона) in which their passing is marked by their detritus, their leavings, alien rubbish that defies the laws of physics, and creates other un-, sub- or supernatural effects.

Stalker picked up on and elaborated the Strugatsky's idea of the Zone in the context of Soviet Russia, with Tarkovsky creating surreal environments on a shoestring budget—but then historical events intervened, creating the irradiated area around Chernobyl, making the Zone something real. As usual, it turned out that humanity were the aliens all along.

Tarkovsky was not a radical filmmaker. Jonathan Rosenbaum wrote some interesting stuff about his aesthetics, his politics and his conservatism here, placing him in an artistic lineage including the likes of Brueghel: http://www.jonathanrosenbaum.net/1990/01/inner-space/ 
",,2016-05-13
2016-05-14,Captain America: Civil War,2016,https://letterboxd.com/attentive/film/captain-america-civil-war/,1.5,I'm afraid it's far worse than they'd have you believe.,,2016-05-06
2016-06-05,The Nice Guys,2016,https://letterboxd.com/attentive/film/the-nice-guys/,2.5,"Adequate to good characters, terrible premise, quite a few moments of genuinely excellent situation comedy, jarring tonal variation, and a few lines of dialogue so bad they almost ruin the whole film. ",,2016-06-04
2016-07-09,High-Rise,2015,https://letterboxd.com/attentive/film/high-rise-2015/,3.5,"Great to finally get a chance to see this. It's a skilfully visually designed homage to the science fiction writer who declared his love for the Surrealists and his intention to explore the new speculative terrain of ""inner space"". 

In High Rise, a futuristic (for the 1970s) multi-storey apartment tower acts as a metaphor for the human body and the whole world-system, in which the senseless flux of aggregated desire and consumption contributes to the decline and fall of the whole. 

Dr Laing (Tom Hiddleston) plays Ballard's mandatory quasi-self-insert, by turns modest and narcissistic, emotionally damaged and repressed, a skilful professional inured to the psychic exigencies of his trade as a teaching surgeon. 

Hiddleston is well suited to the role, albeit under Wheatley's crisp and meticulously storyboarded shots perhaps a little too starchy and with less of the languidness conveyed by the novel. The actor's extremely beautiful physical form drew sighs of pleasure from the cinema audience. 

From Floor 25, Dr Robert Laing (of whose name we are reminded many times by closeups of letters, badges and name tags) navigates a frieze of encounters with others in the building—Charlotte, the Architect, Wilder, Cosgrove, Helen, Munrow—each of whom actuates some coarse psychological response. (Without knowing too much about psychoanalysis, a minor complaint is that these thinly drawn masks seem a little too transparent, whereas in Ballard's novels from this 70s period, many of the personae are more Sphinx-like and ambiguous.)

Still, so far so good. High Rise is a great-looking film, its studies of the body intercut with its architectural expositions, binding the two together in landscapes that deliberately quote Dalí and de Chirico via the eerie cover designs of period sf paperbacks. The floors of Laing's building regulate the hierarchy of its inhabitants, replete with betrayal, envy, lust and spite. 

It is as this outwardly pristine social regime starts to unravel that the film develops leaden boots. Where previously the building has been a space of extreme order, now a chaotic torrent of material bodies, trash bags, discarded tools and boxes, human and animal corpses, muck and slurry flow through it. 

The presence of this flow draws attention to the failures of the text's grand world-metaphor—though it wants us to treat the building as a complete social microcosm, there is a missing term, a place whence the shelves of the building's supermarket are stocked, and every character's unending supply of cigarettes derives. The choppy and no longer visually compelling escalation of action and entropy seem anxious to distract us from the existence of the ""street level""—which if the building is the England of its inhabitants' class caricatures, in turn represents the global south, and its erased role in incipient globalisation. Ballard's later novels of the 90s, Cocaine Nights, Super-Cannes and others, ended up making more of a fist of those questions. 

Though the film recovers its interest to some extent in a wandering final act and has to be accounted a real success, the sense of elision stayed with me.",,2016-07-08
2016-07-10,Suburra,2015,https://letterboxd.com/attentive/film/suburra/,4,"For some reason, the Italian films that I get the chance to see tend to have extraordinary ambitions—whether it's Tale of Tales, Baarìa, or La Grande Bellezza. 

Unfortunately, those ambitions can sometimes be thwarted by the suppurating high-waisted nostalgia that attends when old gentlemen are the protagonists of Italian films directed by old gentlemen. 

Suburra was a pleasant reversal. This film does have great scope, and is set in the same contemporary Roman milieu as La Grande Bellezza, but it's rapid, compelling, and written from the perspective of youth. It's a film in which the intricate sprawl of character and incident gradually forms in us the conclusion that the Italian establishment, inside and outside the law, is a disposable barrier to positive change. 

Another recent touchstone would be Andrey Zyvagintsev's Leviathan, which shares with this film the depiction of a society afflicted by parasitic corruption at its very heart and through its institutions. 

Suburra finds a perceptive balance between conspiracy and system in its landscape of the Roman underworld, and between coincidence and inevitability in complex events unfolding at pace over a fictional week in 2011. 

Billed as neo-noir, it includes its quota of generic, lurid violence and damaged sex and nudity. The extent and the somewhat hackneyed envisionment of all of that is among its failings, as it occasionally leaves too little to the imagination, or simply spoils tension with formula. The camera repeatedly dwells for too many un-shocking seconds on the heroin tourniquet, or the aluminium foil laden with crack. 

But the plot that binds the action, distributed with skill across ten or so major characters whose motivations are crystal clear, is never boring. At some point we begin to be signposted to ""l'Apocalisse"", but instead the film arrives at a satisfying and optimistic finale.",,2016-07-10
2016-07-10,Goldstone,2016,https://letterboxd.com/attentive/film/goldstone/,1.5,"""Where do they come from?"" 
""Where do you think they come from? Fucking Furnace fucking Creek."" 

Occasionally a sequel comes along that's so disastrous that it dims the positive recollection of its predecessors—and that's what Goldstone is like. 

After what I remember as being the general excellence and deft touch of Ivan Sen's Mystery Road (2013), Aaron Pedersen returns as Detective Jay Swann, projecting a handsomeness and charisma that provokes masculine aspiration from me in the same way Clint Eastwood might. Well, Eastwood has made some good westerns, and some really bad westerns, and now Aaron Pedersen has done the same. 

In this instalment, Swann transforms from sheriff's deputy to Pinkerton, an agent from out of town notionally on the hunt for a missing Chinese prostitute. In Mystery Road, the physical presence of his wife and daughter put some body on Swann's flaws, witnessed them, made his character's need of redemption and atonement substantial and worth caring about. In Goldstone these absent women are reduced to abstractions, passport photographs, nothing more than patriarchal tropes fitfully engaged to justify the impending regretful, but necessary violence in a manner no more sophisticated than is found in the absolute dregs of hard-boiled fiction. 

Its lead character shorn of all verisimilitude, we find that the eponymous town of Goldstone where the drama takes place is also a place in which political context is iconised, pixellated and blurred. We have caricatures of a mining company, corrupt town council, a roadside motel, rural prostitution, and sex trafficking, none of which is remotely convincing. 

Every single aspect of the screenplay is so ham-fisted that the casting of TV favourites like Jacki Weaver and David Wenham gives the whole sordid ensemble the unthreatening feel of a noir Sea Change. It's a sense topped off by the extremely callow use of David Gulpilil as Jimmy, an indigenous elder who becomes Swann's spiritual guide and rebels against his corrupt counterpart land councilman. 

A perceptive film about the insidious relationship between mining investment, indigenous communities, settlers and land ownership does need to be made in this country. This is nothing like it. 

Unfortunately, Goldstone is a genuinely bad film in nearly all of its parts, from its laboured, misfiring social comment to its lazy sound design to its action choreography—which in the final sequences was so poor, not just in execution but in its entire logic, that the audience repeatedly broke into involuntary chortling. 

There is more that I won't document in detail, including a tortuous and offensive romantic subplot between the troubled white sheriff of Goldstone and another Chinese sex worker, but this really is one to avoid, despite the fact it has received some mind-bogglingly strong reviews.",,2016-07-10
2016-07-17,Dead Slow Ahead,2015,https://letterboxd.com/attentive/film/dead-slow-ahead/,4.5,"Let's go backstage, the camera suggests, as the curtain falls between the navigation room and the bridge in the opening shot of DEAD SLOW AHEAD, Mauro Herce's documentary of a three year old voyage of the 40,000 tonne bulk carrier, MV Fair Lady. 

This is a profound film. It is a deep film, deliberately excavating the secondary and tertiary strata of global production, the hidden material processes that permit the perpetual readiness of advanced products in supermarkets, on building sites, in the stationery cupboards of our working lives. 

We are in the arteries of logistics, of circulation, in the long interstices between stages of procedures of a daunting scale. ""NO SMOKING: SAFETY FIRST"", announces a sign painted on the outside of the bridge, as the clawed hand of a crane makes a fist containing tonnes of carcinogenic, fuliginous soot, depositing it in an incrementally lethal cloud. 

I'm convinced it is the sense of secrets exposed in the material that leads Herce to mainly select night footage, conveying subterfuge. The visual content is reminiscent of the work of photographer Edward Burtynsky, but adds to Burtynsky's apperception of the scale of the industrial built environment a dimensionality, a duration and an economy that generate a pervasive and at times overpowering emotional context—strong feelings, physiological effects. 

When the frame lingers on a maritime worker for two minutes, we don't doubt the implied hours, weeks, and years of this person's life that are not recorded. In the shots that establish the subjects, the use of darkness and the drama of revelation recall Vincent Ward. 

The camera is not neutral. The first cue that the audience is being steered occurs when we are asked to stare, ambiguously, through a porthole at a group of seamen singing karaoke. We have been assigned the impassive gaze of the ship, of the system, as the ever-present instrumental soundtrack blasts abstract noise to contrast with the happy, frivolous music we understand is playing beyond the glass. This is not the hyperactive, eclectic gaze of Ron Fricke's BARAKA and SAMSARA, alerting our moral interest to the atrocities that go on in abattoirs and capsule hotels. Herce is aiming at something pre-conscious, something limbic. We are supposed to feel as though we are the ship, and the film's great achievement is that we do. 

DEAD SLOW AHEAD cannot be reconciled with debates over diverse representation in the cinematic mainstream. There is only one recognisable white face in the whole film—from the credits, that of a seaman from Odessa. There are no women seen in the film, only men, and the vast majority of those we see are southeast Asian, probably Filipino. These are the workers who the Australian Maritime Officers Union complain are paid as little as 4USD per hour; these are the workers about whom the MUA fling banners off the sides of vessels reading ""AUSTRALIAN COAST, AUSTRALIAN OIL."" Here, race and gender are material categories whose typed presence and absence result directly from the action of greater forces. These men are dwarfed by their situation, defined by it—in one sequence a lone man sits alone in a huge, dam-walled wheat-bin, guiding a group of sacks up by crane.

As the film progresses, steadily, inexorably, we too go deeper. Staring into a rotating burner, the symbolic heart of the Fair Lady, and into sparse expanses of sandbanks, tilted horizons, silent gazes. A major ingress of water at the ship's keel registers no more than a brief emotional spike. Finally we are granted a fleeting access to the life of the crew. The men congregate in a cramped cabin to sing along with Neil Sedaka, a slim youth lifting his T-shirt beyond his nipples and dancing for the entertainment of the others. It is a life of sustenance, of deprivation, we are being told. This hint of judgement might be a muted flaw, by some lights. 

Having featured little to no dialogue, the film closes with a series of telephone calls between crewmen and their families, conversations about pregnancy, childbirth, friends, separation. Their disembodied voices are set to stately shots of the entanglements of the innumerable painted metal pipes that grip the interior of the ship. All connection is shaped by need, distance, risk and time.",,2016-07-16
2016-07-18,Tony Conrad: Completely in the Present,2016,https://letterboxd.com/attentive/film/tony-conrad-completely-in-the-present/,3,"What is a good way to review a documentary about an artist with a fascinating creative history that is not, in itself as a work, in any way as interesting as the works it curates one by one, but that nevertheless gradually undermines the best of them, deflating illusions around the artist, its subject, by the time it concludes? 

I liked Tony Conrad before seeing this. I like his Faust collaboration, I like Ten Years Alive On The Infinite Plain, I think Flicker is cool and would like to have a home screening. Conrad seems an inexhaustibly interesting figure. 

First comes the mythology. Tony Conrad doesn't listen to the Velvet Underground, he co-founded the Velvet Underground. He didn't make a longer feature film than Andy Warhol's Four Stars, he made a conceptual work of art that slyly approached the idea of a film taking decades to ""develop"". He subsisted on twelve dollars a month and eating only chicken hearts purchased for fifteen cents a pound. He seems to have been obsessed with making real ""tours de force"", strikes on established methods, categories and expectations. And it is enthralling. 

(Perhaps he's somehow the paragon of the ""seminal"" artist, as there is definitely this angry sense of energy, and ideas, being sprayed around.)

But despite Tyler Hubby's efforts to assure us of Conrad's steady output through his career, it's evident that his best was from the 60s to the 70s. He inaugurated minimalist music with a communal drone music project nicknamed The Dream Syndicate, and made a series of high concept interventions in filmmaking. His training as a mathematician helped him follow a number of untried experimental ideas through to striking conclusions. 

Later, the abstraction and minimalism remain, but emotion and not structure is the driver. For example, ""The Heterophony Of The Avenging Democrats, Outside, Cheers The Incineration Of The Pythagorean Elite, Whose Shrill Harmonic Agonies Merge And Shimmer Inside Their Torched Meeting House"" is a loud and discordant recording of massed violins that's a literal smear on mathematics-as-cult, accompanied by an unconvincing spiel from Conrad in this documentary. 

There's also a swelter of drama designed to repel the viewer in the rest of his work. And in excerpt, it repelled me: adolescent footage about authority or bodily functions that may well be brilliant in a way I can't tolerate. As Conrad admits at one point, he wants to upset his audience. He wants people to get up and walk out. He gets off on it, and believes that revulsion proves the work is of interest. 

Conrad yearned to banish the composer from music, and to destroy artistic professionalism. It emerges, bathetically, that much of his latter life was occupied by skirmishes over intellectual property, and hard labour to establish himself as an originator of minimalist music against former co-writer La Monte Young. 

I almost wished that he had died young by the end. He could've been a romantic hero to a smaller audience. Probably better that he didn't, that he was reduced to an old professor with bad taste in shirts whose reputation always preceded him into the room, a bit of a (whisper it) passive aggressive douche, who had abandoned his young family, and had ended up making quite a lot of mediocre stuff to go with all the good: though always defensible, always acclaimed.",,2016-07-17
2016-07-19,Ghostbusters,2016,https://letterboxd.com/attentive/film/ghostbusters-2016/,3,"Of the many reasons to dislike remakes and franchises, my favourite's opportunity cost. When only a limited number of films can be made, why waste talents and resources on recapitulation? 

But there's a big reason for studios to produce them: something to talk about. Every moment in the film can be considered not just on its own merits, but on whether it deviates from, adheres to, overturns or reinforces the spirit, clichés, mistakes, successes, tone, and so on of the original. 

When there's a conceptual twist to talk about on top of that, they become critbait: something easy for media writers to produce content about before, during and after the peak of marketing. 

This Ghostbusters remake made a big initial splash with the studio decision to recast the four lead characters as women. There were subsequent backsplashes from idiot misogynist alt-right manbabies, and then from the liberal critics who correctly enjoyed scorning them. Most of the endorsements of the film itself have been much more qualified. 

I'm ambivalent about the whole idea— whether recasting in this way has a useful political impact, or if it's just a repetitious and combinatoric profit-driven studio manoeuvre, or what it means when you remake a quintessentially dumb (and in places, unpleasant) PG conversion of a ""nerds triumph"" fraternity film as a product that may be meant to be edifying. 

When I saw the original Ghostbusters, I was about six years old. The library ghost scared me, and the sex stuff confused me. Venkman was cooler than Stantz was cooler than Spengler and Tully, Winston felt sort of tacked on, I liked the car and the guns, and I loved the branding and the theme song. 

I also didn't like Paul Feig's earlier film Bridesmaids, which had way too many bad marriage jokes. 

Because of this baggage I had mixed and low expectations. They were exceeded: the cast is fine, the jokes are fine, and it's certainly no way worse than the original film, which probably doesn't deserve its status anyway.

Structurally and dramatically, the script reminded me acutely of The Avengers—like that and many ensemble films these days, it's really about the workplace, and teamwork, and getting along to get something done. If that subtext skeezes you out, you're a bit like me, but it's there. 

The women actors are a lot of fun. Kate McKinnon was the standout: as mad engineer Holtzmann she's charismatic, unpredictable, and has a fairly full-on and cool sexual quality. Though their tension is far from marked, McCarthy and Wiig's unstable friendship nudges the story along; I found it sappy. Leslie Jones gets loaded with comedy set pieces, some of which are pretty dubious, and she and McKinnon don't really get ""through lines"" in the drama. 

Anxiety about work and money are important to the development. From Wiig's character we get tenure and academic status anxiety; from McCarthy's character, funding and equipment woes; Jones bemoans her precarious work with the transport authority; the team has to borrow a car and can't afford to rent a pleasant headquarters. The plot eventually resolves their collective money problem.

Though the all-woman cast is much better than serviceable, it's maybe more noteworthy that Ghostbusters has no strong male characters for a change: no romance, and very little cinematic masculinity at all. The villain is an unprepossessing, angry MRA loner many of whose one-liners are dripping with the misogyny of comment threads. Other men are by turns wimpy, or effete, or incompetent, and Chris Hemsworth is humorously used as the conventionally attractive, but utterly stupid Ghostbusters receptionist Kevin. The lack of identifiably heroic men did have the effect of jolting me out of a patternised male-centric psychological navigation. 

You can't make a film in which New York is smashed by monsters without invoking the paranoia that grips US politics. In this case, there was a dreamlike quality, sparer, more storybook and more interesting than some of the extremely self-serious, kinetic, destructive dénouements of superhero and science fiction blockbusters. The state, ineffectual and self-serving but not particularly malevolent, is unable to even engage with its problems, while the public debates if those problems are real or fictional. Lying behind all of that is the unclear, but constantly discussed nature of any real external threat to the USA.

In the end, though, structures revert to type. The team gets together, last minute inventions and willing sacrifices save the day, the heroes undergo the critical moments of self-belief and trust, the ghosts and bad men are beaten, and the city is saved. Ghostbusters is not too bad, and Holtzmann's the best thing about it.",,2016-07-18
2016-07-24,Love & Friendship,2016,https://letterboxd.com/attentive/film/love-friendship/,3.5,"""Do you think she's a genius?"" 
""Diabolically so. She's the Serpent in the Garden of Eden."" 
""Does this woman always get her way?"" 

Adapting Austen is a touch and go business nowadays, with the balance between observation and escapism increasingly tending to lean towards the latter, the works inviting their audiences to transport themselves into a grossly romantic fantasy of the British landowning class. 

But it's not the wrong gig for director and screenwriter Whit Stillman, whose works seem to sit in a recognisable literary lineage of insiders' outsiders, tracing back to Fitzgerald, Wilde and Austen herself. These are the spectators and epigrammists, writers committed to the labour of outstripping the manners and accomplishments of their subjects without quite assimilating. 

Stately homes are a requirement of English period pieces. Some end up museum galleries sparsely filled with bourgeois, devoid of economics, and some are rather a flurry of upstairs-downstairs connivances. Here they're theatrical stages. Before each scene liveried household servants clear the props and furniture like stagehands, mutely framing the image of upper class parasitism.  

We are provided a troupe of toffs for our entertainment, who range from neurotic to smug to unbearable in a layered onion of the purest idiocy and privilege. As it is Austen, the matter is who is married now and who is to become married, and who will be rich and who poor—and the catalyst and rainmaker is the Machiavellian and promiscuous Lady Susan Vernon (Kate Beckinsale). 

The exposition of these characters is Love and Friendship's strength. They are all morons, and the only question is how they are moronic. No hints of deeper waters appear, it's a relatively straight satire. The subjects are not accomplished, as they mangle quotes from Rousseau or sing simple songs, and nor do they have substance. An obligatory Firth-as-Darcy clone, Lord Manwaring (Lochlann O'Mearáin) has a juicy non-speaking role in which nothing is asked of him but a brooding gaze. As a whole, the film is sufficiently unforgiving of its venal and stupid characters that the question of their comeuppance hardly matters. 

If there are people like this still in the British upper crust—and the achievement of the Tory Cabinet in producing Brexit suggests there may be—then start oiling the guillotines. 

Lady Susan and her daughter Frederica are the dual protagonists. The latter is to be forced by her mother to marry super-rich Sir James, but instead the two end up gaming for the affections of a younger gentleman, Reginald DeCourcy (Xavier Samuel). The obtainment and hoarding of funds and income constantly percolate as motivation, with the riches-to-rags threat of becoming one of the servants, just another piece of furniture, pointed out.

In among all of this, there are some truly funny lines for the cosmically vacuous Sir James Martin (Tom Bennett), and some sly humour for the shameless Lady Susan, Beckinsale riffing bitchily with Chloe Sevigny's Alicia in scenes that half-successfully recreate the feel of an epistolary novel. 

In a Stillman story the chamber comedy usually collapses at some point into a moment of heartfelt poignancy, in which one character stands forth and is, finally, not just a satire of earnestness, but actually earnest. But in Love and Friendship that moment does not arrive: we are left to barrack for our preferred characters like athletes, and their contests deliver a lot of pleasure on that sporting level.",,2016-07-24
2016-07-25,Mulholland Drive,2001,https://letterboxd.com/attentive/film/mulholland-drive/,4,"""I desperately wanted the lead. Then Camilla got the part."" 

Mulholland Drive belongs to a specific stream of Lynch's oeuvre, the stream that also includes Blue Velvet, Lost Highway, and Inland Empire. 

This film had a troubled production history, most of it having been shot for a TV series pilot in 1999 that was never picked up, before a final shooting sequence was retrofitted onto it to produce the feature. Whether intended or of necessity, it has the sense of a collage.

These films rely on fouling up, frustrating, misconnecting and disrupting a network of interlocking (and very American) categories of gender, authority and motivation. Interpretative tension from these interventions feeds back into a quirking of the received meaning of the other, superficially stable parts of the texts. The technique means neither a density of meaning, nor of chaos, but rather a proliferation of incomplete and inconsistent ideas that thwart navigation. 

Betty (Naomi Watts), Canadian, winsome and cheery, arrives at LAX to seek her fortune as an actress, chaperoned by two geriatric demons. Rita (Laura Harring), amnesiac, cinematic and European, escapes an assassination by way of a limousine crash up on the River Styx that is Mulholland Drive, flowing darkly above Los Angeles in the Hollywood hills. She totters Orpheically from the underworld and into Betty's life. 

Betty and Rita are complementary, a psychoanalytic dyad. One is fair and virtuous, one dark and transgressive. With both possessing film star looks, they're also a nod to Hollywood tradition, recalling perhaps Leigh and Paget in Prince Valiant, or Monroe and Russell in Gentlemen Prefer Blondes. We are led by their complexions and temperaments to interrogate them as two aspects of femininity, or even two halves of a single woman. 

Topologically, Mulholland Drive is an ourobouros. It's a film about Hollywood, a place where films are made about Hollywood, a place where films are made about Hollywoo—and so on. In this zone of fictive recursion, we witness the violence systematically inflicted by the choices and desires of filmmaking, a process which is the circuit between the present real and the embedded imaginary which shapes the new real, all increasingly indistinguishable from one another, overlaid on one another, their interstices traversed in dreams. 
",,2016-07-24
2016-07-29,The Yard,2016,https://letterboxd.com/attentive/film/the-yard/,4,"The Yard (Yarden) is an astute look at the gulf between first world comforts and the precarious lives of migrants in their long and uncertain period of migration. 

The white Swedish protagonist, an archetypal and unlikeable aesthete who possesses a shock of stressed hair like Houellebecq's, recites terrible poetry to empty halls and sabotages his mediocre literary career by negatively reviewing his own book, finds himself jobless in a Sweden in economic decline with a teenage son to support. 

Here's a man who has achieved his dreams and found them wanting—marriage, fatherhood, and creative fulfilment have reached their terminus in solitude, disrespect, and hollowness. Exhibiting the perverse and unratified behaviour of the extremely alone, he elects to throw himself like a tourist into an ""immigrant job"". 

The ""yard"" of the title is a vast long term car park for travellers, driven by KPIs and horrible, pinch-faced managers, and staffed by a crew of totally fungible migrant workers, people of colour predominantly of Arabic and African extraction. 

Perhaps, you fear, the unpleasant antihero might be about to learn a valuable lesson about the hardship of this life, and work his way to redemption. He might coax a couple of his coworkers into Swedish society and earn back the respect of his disaffected son. 

But Yarden works quite well because it doesn't head in this direction, and in this respect it's considerably superior to other European migrant dramas, like 2014's more cloying Samba. 

Yarden pursues a clear-eyed and bleak depiction of this inhumane workplace, the people in it, and their ever more desperate, conflictual and humiliating actions under the relentlessly separating and discriminating gaze of its system. In its eighty minute running time there's barely a break to see what ""normal life"" may be like for most Swedes. 

Once you go to the yard, you belong to the yard—and yet despite the horrors the protagonist encounters, his circumstances are no worse than every other person in his position.",,2016-07-28
2016-08-03,The Mine,2016,https://letterboxd.com/attentive/film/the-mine-2016/,4,"The Mine is a highly intelligent observation of the action of speculative conflicts of interest and moral hazard on the circuit of institutions designed to protect public goods. 

The film observes the gradual unravelling of a high risk mining venture retrospectively, culminating in its failure to prevent the spread of its environmental damage to populated areas. Foreknowledge of the overall outcome heightens the tension associated with other questions. The details of the plot concern environmental assessment officers, willingly and unwillingly implicated in the wrongful approval of mining activities under incentives and pressures from a complex material, familial, and heteropatriarchal network.

The use of a dark, ambient soundtrack to amplify melancholic and meditative emotions is effective, and landscapes corrupted by sulfates and metals reflect the spiritual infiltration of the protagonists by avarice, social disengagement, and paranoia. Generally faithful in its depiction of realistic and unsettling relationship dynamics, the film seems to have been made on a tight budget, and is slightly handicapped by a preference for interiors and studio scenes, including an unconvincing thread of legal procedures.",,2016-08-01
2016-08-06,Jason Bourne,2016,https://letterboxd.com/attentive/film/jason-bourne/,3.5,"It's when Central Intelligence Agency Cyber Division Head Heather Lee declares crisply ""Enhance"" to her analysts in the multiscreen mission control room that we know for certain that the producers have been following their own critics, and have made a new film that isn't just obsessed with information, but is knowingly obsessed.

Lee is played by Alicia Vikander, an actor well-remembered as a self-determining android in Ex Machina, and her ""Enhance"" is a nod to an internet meme that pokes fun at the infinite malleability of sensed data in fiction. That meme in turn got its start in a detective procedure from Blade Runner, another film in which hyper-competent, robotic humans question their memories. 

This instance of Bourne then deals with the impersonalisation of memory as information, and its materiality in physical objects such as disks and networks, and also in people. Jason Bourne offers an institutional view of the urban landscape as a vast catalogue of maps and databases, of populations as folders of subfolders of private data about individuals, and of the world itself as a library. It's surely not a coincidence that the main antagonist is called Dewey, Tommy Lee Jones sawing away at his concept of a violently mournful head spook with a face as speckled, dog-eared and creased as the most overloaned shilling shocker. 

We survey the family tree of clandestine US government programs with names like Victorian madhouses—Treadstone, Ironhand, Blackbriar—and a plot in which CIA handler gone rogue Nicky Parsons (Julia Stiles) is trying to extract ""the files"" in order to leak them online, which for unclear reasons she needs Jason Bourne's help to do. 

Given the relative self-awareness permeating the screenplay, it's a little tedious to read reviews that complain of a lack of realism or interest in the ceaseless rewritability of Jason Bourne's memory. Anyway, we are not so much dealing with one man's struggle to restore his memories as we are with the West-as-institution's struggle to contain internal conflicts, those between system and individual. 

In the Bourne series, the dynamics of that ""West"" are analogised by the protagonist as man, and by the action. In this film events get moving at the limits of the arena, on the Greco-Albanian border amid the so-called migrant crisis. Traversing Reykjavik, Greece, Berlin, Las Vegas and Washington DC, the rest of the film involves the whole hemisphere contracting upon itself in ever more crowded public spaces and cramped culverts until the final confrontation.

Despite appearances, Jason Bourne does not want his memory back. Bourne's a disorderly symptom of his organisation's failure. He craves annihilation in its always deferred redemption, which explains why he throws himself recklessly in harm's way. The CIA, on the other hand, is fixated on ""bringing him in"". 

In more than one sequence Bourne conjures up a crowd into which he disappears, frustrating his hunters' mechanical gazes and telescopic gunsights. Perpetually troubled, he desperately wants to lose his conscience anew, to become a statistic, a subfolder, and tellingly  we find that we ourselves can't recall why Bourne does what he does, or why he ever did what he did, whatever, indeed, that was. At one stage, Dewey makes an elusive reference to his ""thirty-two kills"" in the service, but no one has any idea who died, or what for.

As Bourne casts himself à la Greengrass into this choppy yet melancholic frenzy of self-erasure, the film is nostalgic for its past selves. Attempts to feel contemporary and topical (""We've been hacked."" ""How badly?"" ""Could be worse than Snowden."") are cloddishly thespian, and it can't kick its own habits when it comes to the rooftop, boardroom and diner scenes of espionage thrillers. There is some charm in that, though, as there is in a quirky role for Riz Ahmed as Aaron Kalloor, the Zuck-esque billionaire owner of a social network somewhat laughably called Deepdream. 

Some further canny misdirection goes on, including an Oedipal fake-out with Bourne's lost dad, and some padding about Bourne and other characters being ""traitors"" or ""patriots"" of America, questions which die without an echo on the sound-absorbing, trans-European surfaces of the whole work. 

By the end we're ram-raiding a Las Vegas casino, fittingly a zone of speculation, a place where probabilities collapse into events. With various chess pieces captured, Bourne finishes up in mutual garrotte with his evil twin, the ""asset"" (Vincent Cassel), the pair ferally intimate in a dark, damp and guilty car park basement that could be the subconscious of the imperial West. To murmur the obvious, it's the closest thing to a sex scene that this film contains. 

In the coda that follows, Heather Lee triumphantly turns to her new CIA boss and declares ""If you don't accept my offer, there's no problem—there are many other agencies that want what I know."" Though Jason Bourne is condemned by the principles of his own franchise to fail at the task, Lee has succeeded in transforming herself from a person into a mere receptacle of information.",,2016-08-05
2016-09-03,The Infiltrator,2016,https://letterboxd.com/attentive/film/the-infiltrator-2016/,2,"Sordid verité crime dramas set in the 70s and 80s  are the spaghetti westerns of our time. Whether it's a comic turn like The Nice Guys, a spook number like Argo, or a mélange such as American Hustle, these films are about we men re-finding, in a false past, an evanescent always-already-lost true masculinity. 

They're productions that differ substantially from the ever-elongating gamut of titillating, retrosexist pulp prestige dramas set in the alter-masculine milieux of motorcycle gangs, gold rush towns, ad agencies, drug cartels, and spy agencies. 

Where many such shows indulge the viewer's penchant for violence and carnal display while it is simultaneously half-heartedly problematised, a spaghetti western's a melodrama. It's about the presence of a temptation that must be sternly held at arm's length, of good judgement, paternal restraint, a strong arm, a cautionary tale, and inescapable just desserts. This is roughly the genre of Brad Furman's new film The Infiltrator. 

It's not a great film by any means. The inconsistently applied faded colours, grainy texture and home video feel jazz up pedestrian shot-making. 

At first it seems to aim to demonstrate how the easy commerce of modernity strains the traditions of the workplace, friendship and the family, but as proposed, these strains turn out to be constitutive—they must be present for the rest to function. 

Accordingly, what it's all really set up to provide is a vantage point on a nonexistent time when a man could ply a real trade, and possess a wife and a mistress and the love and respect of both. 

The characters, undercover cops, have lines in which they unwittingly narrate the film's dim consciousness of this charade within a charade within a charade that it's perpetrating—actors playing actors in a film playing at being a different sort of film. 

When, at one point Diane Kruger remarks to Bryan Cranston ""It's still a pretty good ending"" we know that she's referring to the fiction, and not the end of their caper. 

Meanwhile, considering that this is a film based on a real operation carried out against the Escobar cartel during the Reagan era, the truth finds itself asserted rather unevenly. 

There is little impact when Benjamin Bratt, in an implausibly debonair portrayal of cartel boss Roberto Alcaino, announces that the Federal Reserve launders more Colombian drug money than any illegal operation ever could. ""Without these drug pesos,"" he claims, ""your economy would collapse."" This kind of disabling cynicism about financial markets is par for the course, the historical cocaine trade a reassuringly prosaic and traditional agricultural business. Alcaino, echoing the sentiments of dads at home, confirms his distaste for the stock market: ""we like to take, not to get taken."" 

But on the other hand, when Art Malik, who stole the show as the sexy leader of a propagandist's caricature of the Taliban in Reagan-era Bond film The Living Daylights, appears in a minor role as a bald, corrupt banker from Noriegan Panama, something interesting and real does come full circle. His devalued screen currency is now a makeweight in what, we may in future be better able to detect, is itself another diffuse ideological project.",,2016-09-02
2016-09-10,Nerve,2016,https://letterboxd.com/attentive/film/nerve-2016/,3.5,"""I need a ticket to Aruba."" 

Nerve is probably one of the better films about internet-mediated life. It succeeds, where it does, by being direct, taking on themes that have been treated at arm's length and metaphorically in media-focused young adult sf such as The Hunger Games and Divergent, and instead narrating the instruments and experiences of social media more or less just as we experience them, albeit with heightened intensity. 

The film's first few minutes are exceptional, featuring a very direct and to me, very familiar cinematic tour of the surfaces of social media on a Macintosh laptop—touring sad-pop on Spotify, stalking crushes on Facebook, receiving a Skype call from a friend, receiving administrative Gmail from a university. 

During this passage, and throughout the film, the lens looks out from a subject position ""behind"" the screen at the hero, graduating high school student Vee (Emma Roberts) as often as it presents her view of the screen. It's made optically manifest that Vee's in dialogue with, and under constant surveillance by, her peers. 

The film's premise is that this nervous, shy Vee, her friend Syd and a number of mysterious strangers will be swept up in an elaborate pay-to-view peer-to-peer internet game, the eponymous Nerve, described as ""Truth or Dare, without the Truth"". The players are engaged in riskier and riskier dares for higher and higher sums as a larger and larger crowd of ""watchers"" cheers them on. 

There were a few things that I found hard to place here. For example, I'm not sure whether Wu-Tang's classic C.R.E.A.M. having a big place in the screenplay is an apotheosis or a shark jump for their work, already a little notorious for its ""Nigel hipster"" fanbase. Similarly the prominence of Woolf's To The Lighthouse as a plot device feels odd in what ends up being a pretty standard boy-meets-girl-in-a-tight-spot thriller. It's not that I felt anything was being coopted, but the choices made among all available reference points are a bit outdated, a bit uncool, and a bit less advanced than the film's understanding of the milieu it depicts. 

The script's nuanced articulation of the grinding, impersonal pressure to accumulate social capital bearing down on internet users, and its capacity to shear friendships apart with jealousy and sudden discontinuity, is comparatively more astute. It's a more real and threatening scenario than seen in old school identity theft thrillers like The Net—in fact, for the most part, it's a mundane scenario that internet users see enacted in unexpected fallings out every day. 

For a while, I was a bit frustrated by the lead-footed contrast set up between Vee, who's irritatingly modest and genuine and has angelic good looks, and her more worldly, sexual and insecure best friend Syd, but to Nerve's credit, this problem is dodged before it gets too far out of hand.  

It's when Nerve ups the ante and bids toward a grand resolution that its step does falter. The central romance, the hacker thrills, and the eventual dénouement are amiably silly, but vastly unconvincing. Since the antagonist is in some ways the insatiable yet diffuse aggregate libido of ""the watchers"", dramatic conflict is rather murky—and that fog is in the end unsatisfactorily cleared away by a techno-magical deus ex machina. 

Also, questions about solidarity, friendship and trust that are raised as we approach the climax feel perversely superfluous and distracting, and there's a lack of courage on hand to pursue some of ideas floated in the script through to their conclusion. 

But Nerve is definitely a good film about the internet, new media and social networks—one of those films that, being aimed at young people, doesn't have to slow itself down to let the adults catch up with all the obvious stuff.",,2016-09-09
2016-09-19,True Grit,2010,https://letterboxd.com/attentive/film/true-grit-2010/,4,"I found this stood up surprisingly well on a re-watch. I was expecting it to be stolid, but it canters along with few furloughs in the incident. The dialogue is mannered but very consistent, and the characters are watchable. The expected reaction to some scenes is unclear, which may be a good thing. There's also sporadic shock moments that feel deliberately off-kilter, like you're being sworn at suddenly during an otherwise polite speech. 

One Chocktaw warrior appears briefly then disappears, silent like a ghost, to claim the hanged body of a dead man, and I felt a moment of pique then about the Coens' tendency to reduce history to a beat, nothing more than an opportunity for a symbolic interlude. 

The flash-forward coda is quite ham-fisted, though I haven't seen the original and this version may simply be matching up to that. But it's a fine film. ",,2016-09-18
2016-10-03,The Magnificent Seven,2016,https://letterboxd.com/attentive/film/the-magnificent-seven-2016/,2.5,"""We came far to get here. Suffered too much pain to bear to make this our home!"" 
""This valley is ours."" 

Antoine Fuqua's reboot of The Magnificent Seven re-teams the director with the generally charismatic and fun Denzel Washington (taking on Yul Brynner's role, but with an emotionally unconvincing backstory twist) in another masculine tale to match the almost gloriously silly and offensive The Equaliser, or the painfully overrated and shit Training Day. 

Barely anyone writes on The Magnificent Seven without noting that it's also a remake of Kurosawa's The Seven Samurai. What does occur watching this reboot is that transplanting the Japanese story into the colonial west of the USA makes a huge difference. Rather than watching the traditional owners of the land defend it from robbers, we are watching a first set of settler dispossessors defend stolen land from a second, more powerful and violent threat. 

In this sense, where The Seven Samurai is a hymn to the equilibrium of character, society and justice in which the traits of seven men combine to liberate an innocent village, The Magnificent Seven has a bit of Yojimbo in it, as it's all about a town being disputed by two bands of lawless robbers. 

This emerges through the character of Red Harvest (Martin Sensmeier) who haunts the screenplay quietly, a sole representative of the preceding indigenous people, his brooding and mysticised presence seemingly intended to endorse the land claim of the defending villagers and helping to resolve its problems, or at least hang a lampshade on them. Red Harvest's very occasionally punctuated ghostliness recalls the literally silent and solely symbolic indigenous dead wife haunting of Hugh Glass in this year's Oscar pick, The Revenant.

Chris Pratt makes another serviceable fist of impersonating Harrison Ford, but despite good casting and fun moments this reboot ends up being a dull film. Its second worst aspect is troubled sniper Goodnight Robicheaux (Ethan Hawke), whose alcoholic post-Civil War man-feelings made me want to cram him into his Union Army hat and load him into a cannon in fairly short order. 

But its biggest failure must be the town itself, whose geography should be so vital to the motivation of the long, concluding battle scene, but which is instead a very average and underexplored level from Red Dead Redemption, too often filmed up close to get a sense of how it lies on the fields, the result a stolidly episodic, linear dénouement right up until the credits roll.",,2016-09-23
2016-10-18,Captain Fantastic,2016,https://letterboxd.com/attentive/film/captain-fantastic/,0.5,"""It's our actions that define us. Not our words."" 

So goes the refrain of the dead wife in Captain Fantastic, a fascinatingly bad film ultimately almost elevated by its dogged pursuit of that Dead Wife, capital letters, as a trope used to justify, exonerate and ultimately to restore and endorse what should properly be regarded as the regime of child abuse inflicted by its protagonist Ben (Viggo Mortensen). 

By this method, let's consider then just the action of the film. Ben, a vigorously healthy and handsome long-haired man is living in the forest wilderness with his many children. In the opening scene, his eldest son is initiated to manhood by a blood mark on the face, applied by his father after he single-handedly slits the throat of a wild deer while his siblings approvingly look on. 

The troupe are living a prepper existence somewhere between the Swiss Family Robinson and Lord of the Flies, working to a schedule of punishment runs through the jungle in the morning, brutal combat training in the afternoons, and forced marches through European culture in the evenings—The Brothers Karamazov, Middlemarch, Cosmos, the theory of quantum physics—concluded by faux-spontaneous singalongs around the campfire. All dissent is immediately quashed by the application of Ben's neurotic rules concerning dialogue, discourse and discipline. 

The absence of the children's mother triggers the drama. It is made clear to us, however, that she has always been absent. There is a sense in which the film's cavernous silence regarding her non-presence hangs expectantly to be noted by the audience, and even her name, Leslie, pronounced oddly adverbially, ""lessly"", seems to carry an overtone of her maternal deficit. As a mother, we understand, she has failed. So much has been left to Ben to do. 

Leslie emerges to us off stage, presented retrospectively through the lens of anecdotes regarding her mental health problems, her fragility, beauty, stubbornness and weakness. We learn she has killed herself, having slit her wrists after prolonged treatment for bipolar disorder. When Dead Wife does appear it is to poor benighted Ben, in the same kind of clichéd vision that plagues survivalist dramas such as The Revenant and The Grey, floating above him under a bedsheet, smiling beatifically and inarticulately, positioned sexually but abstinently and angelically over him as he dreams himself awake. 

What next? Ben drinks alone in a bar and speaks to his father-in-law on the telephone, who curses him and warns him not to attend his wife's funeral. Ben's second son stabs a wall, enraged. Ben's daughters gaze on in consternation. All is not well. Ben decides to take his children to their mother's funeral many states away in a large, quaint bus referred to as ""Steve""—how charming! Ben and his children mock and abuse every ordinary person around them, then rob a supermarket. They tear apart a stolen chocolate cake and sing a song about Noam Chomsky, then continue to Ben's brother-in-law's family's house, where Ben is deliberately obnoxious to his dull relatives, and takes a golden opportunity to viciously embarrass their children. 

The family next stop at a caravan park, where Ben's elder son, confused by desire, is sexually rejected by an attractive girl, leading him to question the wisdom of his father's teaching. Afterwards, arriving late at the funeral dressed like an idiot thirty years out of date, Ben leaps to the lectern and delivers a homily about his wife's desire to be cremated, and then his father-in-law has him detained by hired goons. 

The subsequent struggle between two patriarchs continues through several scenes involving a bus charge, bow and arrow fire, the father-in-law's attempts to seduce his grandchildren with wealth and leisure, and Ben's recklessness leading to a near-fatal skull injury to his eldest daughter, all admixed with repeated humiliating emasculations of Ben, whose generally abusive, unpleasant and dangerous character is now clear to the audience. 

It is at this point that if Captain Fantastic had spent a solid half hour systematically destroying the monstrous Ben through drama, and observing the inevitable struggles of his children to process the years of trauma inflicted upon them, it could perhaps have been redeemed. We could have had a cautionary tale instead of an almost monstrous homage to damaged fatherhood, but we get nothing of the sort: instead, a jarring and frustrating volte-face towards Ben's thorough-going redemption occurs. 

First, Ben's mother-in-law shows him a secret letter from Dead Wife endorsing their mutual abusive project. Then, Ben's eldest son shows him his admission letters to every exclusive Ivy League college—Ben's paternal discipline has paid off. Ben, penitent but made youthful again by a decent shave, decides to leave by himself and allow these others to raise his beautiful children, but all six of those loyal kids stow away expertly in the hold of the family bus and, surrounding him, force him to complete ""the mission"". Together, they execute a proof of the perfection of their upbringing by cooperatively exhuming Leslie's corpse and granting her burial wishes. 

There is a nervously appropriated Buddhist funeral (accompanied by a stomach-churning acoustic rendition of Sweet Child O' Mine) before Dead Wife's ashes are, with a bathos that is intended to seem quirky but instead finalises the film's formulation of her worthlessness, flushed down the toilet at an airport. It is an end to which the workings of this film could never allow Ben himself to come. 

The script, breaking a sweat now under the weight of its illogic, labours to restore the lines of masculinity with a painfully explicit hand. Ben's reckless and angry pubescent second son forgives him. Ben's wise and talented eldest son reaffirms his filial admiration and departs to Namibia—""I put my finger on the map"". The film concludes with Ben surrounded, Last Supper style, in a paradisiac eco-farmhouse, eating muesli and being worshipped as a saint by his gaggle of cherubic and Pre-Raphaelite kids. 

There's no clear way to save Captain Fantastic by the end. It is a genuinely offensive film, a messy fantasy whose reference points seem dated, incorporating a twee silhouette of radical politics with the American 1960s as its centroid, and a wafer-thin materialism that dissolves in a swelter of implausible events, unlikely reconciliations, disturbing elisions, symbolic occurrences and references to Plato's Republic. At heart it's a story about a paranoid middle class American father doing his level best to equip his children for admission to elite colleges, its lone sleight of hand that this man's doing it out in the woods, Unabomber style, instead of labouring to fund his kids' attendance at elite preparatory schools.",,2016-10-17
