Date,Name,Year,Letterboxd URI
2016-01-18,The Revenant,2015,https://letterboxd.com/film/the-revenant-2015/
2016-01-18,A Little Chaos,2014,https://letterboxd.com/film/a-little-chaos/
2016-01-20,The Brand New Testament,2015,https://letterboxd.com/film/the-brand-new-testament/
2016-01-29,The Hateful Eight,2015,https://letterboxd.com/film/the-hateful-eight/
2016-01-30,The 'Burbs,1989,https://letterboxd.com/film/the-burbs/
2016-01-30,Key Largo,1948,https://letterboxd.com/film/key-largo/
2016-02-02,Brooklyn,2015,https://letterboxd.com/film/brooklyn/
2016-02-03,The Big Short,2015,https://letterboxd.com/film/the-big-short/
2016-02-29,Ex Machina,2014,https://letterboxd.com/film/ex-machina-2014/
2016-02-29,"Hail, Caesar!",2016,https://letterboxd.com/film/hail-caesar-2016/
2016-03-09,Slow West,2015,https://letterboxd.com/film/slow-west/
2016-03-19,Rams,2015,https://letterboxd.com/film/rams/
2016-03-21,Road House,1989,https://letterboxd.com/film/road-house/
2016-03-21,The Wicker Man,1973,https://letterboxd.com/film/the-wicker-man/
2016-03-26,Walker,1987,https://letterboxd.com/film/walker/
2016-03-26,Bridesmaids,2011,https://letterboxd.com/film/bridesmaids/
2016-03-27,Sicario,2015,https://letterboxd.com/film/sicario-2015/
2016-03-27,The Wolfpack,2015,https://letterboxd.com/film/the-wolfpack/
2016-03-28,Secret Honor,1984,https://letterboxd.com/film/secret-honor/
2016-03-28,John Wick,2014,https://letterboxd.com/film/john-wick/
2016-03-28,Spotlight,2015,https://letterboxd.com/film/spotlight/
2016-03-28,Tale of Tales,2015,https://letterboxd.com/film/tale-of-tales-2015/
2016-03-28,Deadpool,2016,https://letterboxd.com/film/deadpool/
2016-03-28,Bitter Lake,2015,https://letterboxd.com/film/bitter-lake-2015/
2016-03-28,Le Cercle Rouge,1970,https://letterboxd.com/film/le-cercle-rouge/
2016-03-29,Rififi,1955,https://letterboxd.com/film/rififi/
2016-04-03,Man of Steel,2013,https://letterboxd.com/film/man-of-steel/
2016-04-12,A Pigeon Sat on a Branch Reflecting on Existence,2014,https://letterboxd.com/film/a-pigeon-sat-on-a-branch-reflecting-on-existence/
2016-04-12,Batman v Superman: Dawn of Justice,2016,https://letterboxd.com/film/batman-v-superman-dawn-of-justice/
2016-04-13,The Man from U.N.C.L.E.,2015,https://letterboxd.com/film/the-man-from-uncle/
2016-04-16,Blackhat,2015,https://letterboxd.com/film/blackhat/
2016-04-16,Heat,1995,https://letterboxd.com/film/heat-1995/
2016-04-17,Miami Vice,2006,https://letterboxd.com/film/miami-vice/
2016-04-23,The Kingdom,2007,https://letterboxd.com/film/the-kingdom-2007/
2016-05-01,Escape from New York,1981,https://letterboxd.com/film/escape-from-new-york/
2016-05-14,Stalker,1979,https://letterboxd.com/film/stalker/
2016-05-14,Captain America: Civil War,2016,https://letterboxd.com/film/captain-america-civil-war/
2016-06-05,X-Men: Apocalypse,2016,https://letterboxd.com/film/x-men-apocalypse/
2016-06-05,The Nice Guys,2016,https://letterboxd.com/film/the-nice-guys/
2016-07-09,High-Rise,2015,https://letterboxd.com/film/high-rise-2015/
2016-07-10,Suburra,2015,https://letterboxd.com/film/suburra/
2016-07-10,Goldstone,2016,https://letterboxd.com/film/goldstone/
2016-07-17,Dead Slow Ahead,2015,https://letterboxd.com/film/dead-slow-ahead/
2016-07-18,Tony Conrad: Completely in the Present,2016,https://letterboxd.com/film/tony-conrad-completely-in-the-present/
2016-07-19,Ghostbusters,2016,https://letterboxd.com/film/ghostbusters-2016/
2016-07-24,Love & Friendship,2016,https://letterboxd.com/film/love-friendship/
2016-07-25,Mulholland Drive,2001,https://letterboxd.com/film/mulholland-drive/
2016-07-29,The Yard,2016,https://letterboxd.com/film/the-yard/
2016-08-03,The Mine,2016,https://letterboxd.com/film/the-mine-2016/
2016-08-06,Jason Bourne,2016,https://letterboxd.com/film/jason-bourne/
2016-08-15,Blue Velvet,1986,https://letterboxd.com/film/blue-velvet/
2016-08-15,Mood Indigo,2013,https://letterboxd.com/film/mood-indigo/
2016-08-15,The Prime of Miss Jean Brodie,1969,https://letterboxd.com/film/the-prime-of-miss-jean-brodie/
2016-08-15,Indiana Jones and the Last Crusade,1989,https://letterboxd.com/film/indiana-jones-and-the-last-crusade/
2016-08-22,Hard to Be a God,2013,https://letterboxd.com/film/hard-to-be-a-god/
2016-08-22,Suicide Squad,2016,https://letterboxd.com/film/suicide-squad-2016/
2016-08-29,The Wrong Box,1966,https://letterboxd.com/film/the-wrong-box/
2016-08-29,Last Year at Marienbad,1961,https://letterboxd.com/film/last-year-at-marienbad/
2016-09-03,The Infiltrator,2016,https://letterboxd.com/film/the-infiltrator-2016/
2016-09-10,Nerve,2016,https://letterboxd.com/film/nerve-2016/
2016-09-12,Blood Father,2016,https://letterboxd.com/film/blood-father/
2016-09-19,R.I.P.D.,2013,https://letterboxd.com/film/ripd/
2016-09-19,True Grit,2010,https://letterboxd.com/film/true-grit-2010/
2016-10-03,The Magnificent Seven,2016,https://letterboxd.com/film/the-magnificent-seven-2016/
2016-10-03,Bone Tomahawk,2015,https://letterboxd.com/film/bone-tomahawk/
2016-10-03,The Neon Demon,2016,https://letterboxd.com/film/the-neon-demon/
2016-10-03,Laura,1944,https://letterboxd.com/film/laura/
2016-10-03,The Abominable Dr. Phibes,1971,https://letterboxd.com/film/the-abominable-dr-phibes/
2016-10-11,"Wednesday, May 9",2015,https://letterboxd.com/film/wednesday-may-9/
2016-10-18,Captain Fantastic,2016,https://letterboxd.com/film/captain-fantastic/
2016-11-03,Tampopo,1985,https://letterboxd.com/film/tampopo/
2016-11-03,Ratatouille,2007,https://letterboxd.com/film/ratatouille/
2016-11-03,The Handmaiden,2016,https://letterboxd.com/film/the-handmaiden/
2016-11-16,Alexander Nevsky,1938,https://letterboxd.com/film/alexander-nevsky/
2016-11-16,Network,1976,https://letterboxd.com/film/network/
2016-11-16,"Good Night, and Good Luck.",2005,https://letterboxd.com/film/good-night-and-good-luck/
2016-11-16,Winter's Bone,2010,https://letterboxd.com/film/winters-bone/
2016-11-21,Arrival,2016,https://letterboxd.com/film/arrival-2016/
2016-11-21,Lo and Behold: Reveries of the Connected World,2016,https://letterboxd.com/film/lo-and-behold-reveries-of-the-connected-world/
2016-11-21,I Heart Huckabees,2004,https://letterboxd.com/film/i-heart-huckabees/
2017-01-06,Holy Motors,2012,https://letterboxd.com/film/holy-motors/
2017-01-06,Kicking and Screaming,1995,https://letterboxd.com/film/kicking-and-screaming/
2017-01-06,HyperNormalisation,2016,https://letterboxd.com/film/hypernormalisation/
2017-03-02,Moonlight,2016,https://letterboxd.com/film/moonlight-2016/
2017-03-02,Personal Shopper,2016,https://letterboxd.com/film/personal-shopper/
